{
    "casos_atributos": [
        2,
        4,
        6,
        8
    ],
    "historico_nuvem": [
        89.84100367206494,
        166.51277316250315,
        242.10365593935117,
        322.7997882295982
    ],
    "historico_iot": [
        8.261305715044344,
        8.541448912578502,
        9.281943892405511,
        8.068096852784427
    ],
    "historico_payload": [
        384,
        512,
        640,
        768
    ],
    "historico_original": [
        128,
        128,
        128,
        128
    ],
    "dados_grafico3": [
        212.94230001512915,
        104.1696000029333,
        71.35759998345748
    ]
}